{
  "GET /api/inventory" : {
    "transaction" : "GET /api/inventory",
    "sampleCount" : 1000,
    "errorCount" : 1000,
    "errorPct" : 100.0,
    "meanResTime" : 750.3049999999989,
    "medianResTime" : 809.0,
    "minResTime" : 147.0,
    "maxResTime" : 1352.0,
    "pct1ResTime" : 1069.9,
    "pct2ResTime" : 1126.0,
    "pct3ResTime" : 1229.97,
    "throughput" : 7.114348930357639,
    "receivedKBytesPerSec" : 7.7597051391388785,
    "sentKBytesPerSec" : 1.7299539879482928
  },
  "Total" : {
    "transaction" : "Total",
    "sampleCount" : 4000,
    "errorCount" : 2993,
    "errorPct" : 74.825,
    "meanResTime" : 1719.4474999999989,
    "medianResTime" : 904.5,
    "minResTime" : 147.0,
    "maxResTime" : 7438.0,
    "pct1ResTime" : 5462.0,
    "pct2ResTime" : 5960.0,
    "pct3ResTime" : 6375.939999999999,
    "throughput" : 27.12379299121189,
    "receivedKBytesPerSec" : 31.27485244020899,
    "sentKBytesPerSec" : 6.602153713925355
  },
  "POST /api/auth/login" : {
    "transaction" : "POST /api/auth/login",
    "sampleCount" : 1000,
    "errorCount" : 0,
    "errorPct" : 0.0,
    "meanResTime" : 4607.471999999997,
    "medianResTime" : 5145.0,
    "minResTime" : 955.0,
    "maxResTime" : 7438.0,
    "pct1ResTime" : 6200.7,
    "pct2ResTime" : 6342.799999999999,
    "pct3ResTime" : 6530.98,
    "throughput" : 6.973987028384127,
    "receivedKBytesPerSec" : 9.33724239835414,
    "sentKBytesPerSec" : 1.6617703466071554
  },
  "GET /api/customers" : {
    "transaction" : "GET /api/customers",
    "sampleCount" : 1000,
    "errorCount" : 997,
    "errorPct" : 99.7,
    "meanResTime" : 761.1660000000002,
    "medianResTime" : 815.0,
    "minResTime" : 148.0,
    "maxResTime" : 1363.0,
    "pct1ResTime" : 1101.9,
    "pct2ResTime" : 1161.7999999999997,
    "pct3ResTime" : 1244.96,
    "throughput" : 7.081551142962355,
    "receivedKBytesPerSec" : 7.723621000693993,
    "sentKBytesPerSec" : 1.7219787447242445
  },
  "GET /api/dashboard/stats" : {
    "transaction" : "GET /api/dashboard/stats",
    "sampleCount" : 1000,
    "errorCount" : 996,
    "errorPct" : 99.6,
    "meanResTime" : 758.8469999999992,
    "medianResTime" : 804.5,
    "minResTime" : 147.0,
    "maxResTime" : 1835.0,
    "pct1ResTime" : 1096.0,
    "pct2ResTime" : 1152.9499999999998,
    "pct3ResTime" : 1258.98,
    "throughput" : 7.084059449426899,
    "receivedKBytesPerSec" : 7.735211804522463,
    "sentKBytesPerSec" : 1.764096835550644
  }
}