{
  "GET /api/inventory" : {
    "transaction" : "GET /api/inventory",
    "sampleCount" : 250,
    "errorCount" : 0,
    "errorPct" : 0.0,
    "meanResTime" : 547.0680000000001,
    "medianResTime" : 403.5,
    "minResTime" : 197.0,
    "maxResTime" : 2863.0,
    "pct1ResTime" : 1038.0,
    "pct2ResTime" : 1330.1999999999998,
    "pct3ResTime" : 2256.1400000000035,
    "throughput" : 4.797727796115759,
    "receivedKBytesPerSec" : 4.853951168726492,
    "sentKBytesPerSec" : 1.2088025111307286
  },
  "Total" : {
    "transaction" : "Total",
    "sampleCount" : 1000,
    "errorCount" : 0,
    "errorPct" : 0.0,
    "meanResTime" : 1888.9630000000013,
    "medianResTime" : 860.5,
    "minResTime" : 197.0,
    "maxResTime" : 8987.0,
    "pct1ResTime" : 5225.5,
    "pct2ResTime" : 7043.649999999992,
    "pct3ResTime" : 7965.450000000001,
    "throughput" : 14.955283701731823,
    "receivedKBytesPerSec" : 17.744794626566566,
    "sentKBytesPerSec" : 3.673099463853079
  },
  "POST /api/auth/login" : {
    "transaction" : "POST /api/auth/login",
    "sampleCount" : 250,
    "errorCount" : 0,
    "errorPct" : 0.0,
    "meanResTime" : 5117.22,
    "medianResTime" : 5024.5,
    "minResTime" : 1063.0,
    "maxResTime" : 8987.0,
    "pct1ResTime" : 7528.8,
    "pct2ResTime" : 7857.549999999999,
    "pct3ResTime" : 8460.940000000006,
    "throughput" : 4.086837115019944,
    "receivedKBytesPerSec" : 5.45576790647682,
    "sentKBytesPerSec" : 0.973816656313346
  },
  "GET /api/customers" : {
    "transaction" : "GET /api/customers",
    "sampleCount" : 250,
    "errorCount" : 0,
    "errorPct" : 0.0,
    "meanResTime" : 795.4239999999998,
    "medianResTime" : 623.5,
    "minResTime" : 305.0,
    "maxResTime" : 5179.0,
    "pct1ResTime" : 1452.8,
    "pct2ResTime" : 1853.6999999999994,
    "pct3ResTime" : 3929.290000000008,
    "throughput" : 4.732876452993072,
    "receivedKBytesPerSec" : 4.90851054011586,
    "sentKBytesPerSec" : 1.1508654656203854
  },
  "GET /api/dashboard/stats" : {
    "transaction" : "GET /api/dashboard/stats",
    "sampleCount" : 250,
    "errorCount" : 0,
    "errorPct" : 0.0,
    "meanResTime" : 1096.14,
    "medianResTime" : 862.0,
    "minResTime" : 207.0,
    "maxResTime" : 3928.0,
    "pct1ResTime" : 2543.9,
    "pct2ResTime" : 2922.2999999999984,
    "pct3ResTime" : 3449.7700000000004,
    "throughput" : 4.565042728799941,
    "receivedKBytesPerSec" : 6.218979108081951,
    "sentKBytesPerSec" : 1.1368026326601417
  }
}